algorithm,input_type,n,trial,execution_time_ns,max_recursion_depth,comparisons,swaps,recursive_calls
MergeSort,random,128,1,170800,4,968,0,15
RandomizedQuickSort,random,128,1,324700,4,1315,524,23
DeterministicSelect,random,128,1,236100,6,952,327,19
ClosestPair,random,128,1,1963800,7,3346,0,127
MergeSort,random,128,2,119100,4,967,0,15
RandomizedQuickSort,random,128,2,142299,4,1273,519,19
DeterministicSelect,random,128,2,172801,5,967,329,19
ClosestPair,random,128,2,1548000,7,3358,0,127
MergeSort,random,128,3,116100,4,973,0,15
RandomizedQuickSort,random,128,3,206700,4,1375,504,22
DeterministicSelect,random,128,3,153900,6,1022,347,24
ClosestPair,random,128,3,615500,7,3305,0,127
MergeSort,sorted,128,1,49200,4,312,0,15
RandomizedQuickSort,sorted,128,1,164201,4,1472,418,27
DeterministicSelect,sorted,128,1,148500,5,751,321,16
ClosestPair,sorted,128,1,705800,7,3130,0,127
MergeSort,sorted,128,2,65600,4,312,0,15
RandomizedQuickSort,sorted,128,2,186700,4,1434,396,26
DeterministicSelect,sorted,128,2,99300,5,751,321,16
ClosestPair,sorted,128,2,603200,7,3077,0,127
MergeSort,sorted,128,3,63100,4,312,0,15
RandomizedQuickSort,sorted,128,3,242301,3,1811,690,28
DeterministicSelect,sorted,128,3,89200,5,751,321,16
ClosestPair,sorted,128,3,595700,7,3082,0,127
MergeSort,reverse-sorted,128,1,158299,4,1152,0,15
RandomizedQuickSort,reverse-sorted,128,1,91501,4,1515,518,27
DeterministicSelect,reverse-sorted,128,1,149600,6,956,318,15
ClosestPair,reverse-sorted,128,1,652600,7,3157,0,127
MergeSort,reverse-sorted,128,2,175800,4,1152,0,15
RandomizedQuickSort,reverse-sorted,128,2,64001,4,1427,508,26
DeterministicSelect,reverse-sorted,128,2,111201,6,956,318,15
ClosestPair,reverse-sorted,128,2,512700,7,3143,0,127
MergeSort,reverse-sorted,128,3,144900,4,1152,0,15
RandomizedQuickSort,reverse-sorted,128,3,41400,4,1448,538,26
DeterministicSelect,reverse-sorted,128,3,46900,6,956,318,15
ClosestPair,reverse-sorted,128,3,557300,7,3132,0,127
MergeSort,duplicate-heavy,128,1,133001,4,886,0,15
RandomizedQuickSort,duplicate-heavy,128,1,19299,2,610,256,3
DeterministicSelect,duplicate-heavy,128,1,46900,5,808,236,12
ClosestPair,duplicate-heavy,128,1,629601,7,2830,0,127
MergeSort,duplicate-heavy,128,2,121200,4,852,0,15
RandomizedQuickSort,duplicate-heavy,128,2,18901,2,654,288,3
DeterministicSelect,duplicate-heavy,128,2,25700,4,471,156,4
ClosestPair,duplicate-heavy,128,2,630300,7,2842,0,127
MergeSort,duplicate-heavy,128,3,115100,4,846,0,15
RandomizedQuickSort,duplicate-heavy,128,3,15900,2,557,206,3
DeterministicSelect,duplicate-heavy,128,3,24300,4,485,161,5
ClosestPair,duplicate-heavy,128,3,577800,7,2817,0,127
MergeSort,random,512,1,703200,6,4724,0,63
RandomizedQuickSort,random,512,1,170799,6,7863,3479,91
DeterministicSelect,random,512,1,138000,8,4356,1543,41
ClosestPair,random,512,1,2127601,9,17767,0,511
MergeSort,random,512,2,112800,6,4872,0,63
RandomizedQuickSort,random,512,2,136800,5,7247,3232,88
DeterministicSelect,random,512,2,154201,9,4427,1562,46
ClosestPair,random,512,2,2621901,9,17786,0,511
MergeSort,random,512,3,153799,6,4809,0,63
RandomizedQuickSort,random,512,3,217500,6,7612,3480,87
DeterministicSelect,random,512,3,92100,5,1997,710,7
ClosestPair,random,512,3,2847800,9,17688,0,511
MergeSort,sorted,512,1,52400,6,1760,0,63
RandomizedQuickSort,sorted,512,1,213101,5,8920,3310,95
DeterministicSelect,sorted,512,1,179501,8,3481,1492,53
ClosestPair,sorted,512,1,2648399,9,16441,0,511
MergeSort,sorted,512,2,51700,6,1760,0,63
RandomizedQuickSort,sorted,512,2,171300,5,8108,2804,100
DeterministicSelect,sorted,512,2,169600,8,3481,1492,53
ClosestPair,sorted,512,2,2073500,9,16443,0,511
MergeSort,sorted,512,3,49799,6,1760,0,63
RandomizedQuickSort,sorted,512,3,174500,5,8091,2786,100
DeterministicSelect,sorted,512,3,148401,8,3481,1492,53
ClosestPair,sorted,512,3,1030800,9,16320,0,511
MergeSort,reverse-sorted,512,1,81999,6,5120,0,63
RandomizedQuickSort,reverse-sorted,512,1,166201,5,9138,3694,102
DeterministicSelect,reverse-sorted,512,1,188500,9,4521,1483,56
ClosestPair,reverse-sorted,512,1,1514500,9,16281,0,511
MergeSort,reverse-sorted,512,2,106101,6,5120,0,63
RandomizedQuickSort,reverse-sorted,512,2,170200,5,9021,3674,100
DeterministicSelect,reverse-sorted,512,2,159600,9,4521,1483,56
ClosestPair,reverse-sorted,512,2,1954201,9,16433,0,511
MergeSort,reverse-sorted,512,3,114700,6,5120,0,63
RandomizedQuickSort,reverse-sorted,512,3,163600,6,8149,2802,102
DeterministicSelect,reverse-sorted,512,3,113900,9,4521,1483,56
ClosestPair,reverse-sorted,512,3,1402899,9,16419,0,511
MergeSort,duplicate-heavy,512,1,105900,6,4529,0,63
RandomizedQuickSort,duplicate-heavy,512,1,50299,2,2361,856,3
DeterministicSelect,duplicate-heavy,512,1,38800,4,1979,638,4
ClosestPair,duplicate-heavy,512,1,1346201,9,14536,0,511
MergeSort,duplicate-heavy,512,2,112799,6,4513,0,63
RandomizedQuickSort,duplicate-heavy,512,2,56301,2,2648,1147,3
DeterministicSelect,duplicate-heavy,512,2,62500,5,3410,970,11
ClosestPair,duplicate-heavy,512,2,1187701,9,14254,0,511
MergeSort,duplicate-heavy,512,3,101900,6,4542,0,63
RandomizedQuickSort,duplicate-heavy,512,3,59600,2,3326,1213,2
DeterministicSelect,duplicate-heavy,512,3,47400,5,2190,676,9
ClosestPair,duplicate-heavy,512,3,1254100,9,14459,0,511
MergeSort,random,2048,1,585400,8,23512,0,255
RandomizedQuickSort,random,2048,1,914600,7,40069,18214,336
DeterministicSelect,random,2048,1,900700,11,19271,6824,130
ClosestPair,random,2048,1,14192800,11,88653,0,2047
MergeSort,random,2048,2,1315199,8,23373,0,255
RandomizedQuickSort,random,2048,2,948200,7,40373,19129,339
DeterministicSelect,random,2048,2,350800,10,18404,6508,100
ClosestPair,random,2048,2,7079000,11,88779,0,2047
MergeSort,random,2048,3,578401,8,23332,0,255
RandomizedQuickSort,random,2048,3,890500,6,37518,16755,353
DeterministicSelect,random,2048,3,358499,9,19182,6812,124
ClosestPair,random,2048,3,6588000,11,88777,0,2047
MergeSort,sorted,2048,1,359400,8,9088,0,255
RandomizedQuickSort,sorted,2048,1,848100,7,38951,13156,409
DeterministicSelect,sorted,2048,1,269200,10,15110,6469,133
ClosestPair,sorted,2048,1,5231000,11,80894,0,2047
MergeSort,sorted,2048,2,275700,8,9088,0,255
RandomizedQuickSort,sorted,2048,2,813200,8,40345,12962,407
DeterministicSelect,sorted,2048,2,255701,10,15110,6469,133
ClosestPair,sorted,2048,2,5952400,11,81605,0,2047
MergeSort,sorted,2048,3,353399,8,9088,0,255
RandomizedQuickSort,sorted,2048,3,2008499,7,39238,13500,408
DeterministicSelect,sorted,2048,3,261701,10,15110,6469,133
ClosestPair,sorted,2048,3,4749799,11,81704,0,2047
MergeSort,reverse-sorted,2048,1,673000,8,22528,0,255
RandomizedQuickSort,reverse-sorted,2048,1,3767100,7,37653,12928,401
DeterministicSelect,reverse-sorted,2048,1,170099,10,18977,6543,120
ClosestPair,reverse-sorted,2048,1,3460400,11,81606,0,2047
MergeSort,reverse-sorted,2048,2,280699,8,22528,0,255
RandomizedQuickSort,reverse-sorted,2048,2,4254400,7,44151,15802,399
DeterministicSelect,reverse-sorted,2048,2,343400,10,18977,6543,120
ClosestPair,reverse-sorted,2048,2,4263800,11,81452,0,2047
MergeSort,reverse-sorted,2048,3,288400,8,22528,0,255
RandomizedQuickSort,reverse-sorted,2048,3,4961699,7,39527,13468,405
DeterministicSelect,reverse-sorted,2048,3,258200,10,18977,6543,120
ClosestPair,reverse-sorted,2048,3,3392299,11,81835,0,2047
MergeSort,duplicate-heavy,2048,1,372101,8,21761,0,255
RandomizedQuickSort,duplicate-heavy,2048,1,748700,2,9521,3610,3
DeterministicSelect,duplicate-heavy,2048,1,175000,6,8882,2738,12
ClosestPair,duplicate-heavy,2048,1,3887201,11,70884,0,2047
MergeSort,duplicate-heavy,2048,2,313600,8,21869,0,255
RandomizedQuickSort,duplicate-heavy,2048,2,730200,2,10064,3621,3
DeterministicSelect,duplicate-heavy,2048,2,145800,6,7918,2560,7
ClosestPair,duplicate-heavy,2048,2,2848000,11,70059,0,2047
MergeSort,duplicate-heavy,2048,3,159501,8,22134,0,255
RandomizedQuickSort,duplicate-heavy,2048,3,756000,2,10799,4098,3
DeterministicSelect,duplicate-heavy,2048,3,99600,5,7581,2455,5
ClosestPair,duplicate-heavy,2048,3,3045899,11,70039,0,2047
MergeSort,random,8192,1,1053499,10,109817,0,1023
RandomizedQuickSort,random,8192,1,6172899,9,180906,88062,1371
DeterministicSelect,random,8192,1,878400,12,76893,27404,235
ClosestPair,random,8192,1,17002999,13,425359,0,8191
MergeSort,random,8192,2,1447501,10,109990,0,1023
RandomizedQuickSort,random,8192,2,2267400,8,199115,95739,1411
DeterministicSelect,random,8192,2,1340500,12,81192,28817,316
ClosestPair,random,8192,2,16276599,13,425222,0,8191
MergeSort,random,8192,3,1330000,10,110133,0,1023
RandomizedQuickSort,random,8192,3,1188299,8,185217,87177,1373
DeterministicSelect,random,8192,3,789701,12,71369,25549,241
ClosestPair,random,8192,3,11678700,13,425522,0,8191
MergeSort,sorted,8192,1,384200,10,44544,0,1023
RandomizedQuickSort,sorted,8192,1,1245900,9,197680,67600,1645
DeterministicSelect,sorted,8192,1,1018799,12,62506,26633,291
ClosestPair,sorted,8192,1,9123200,13,388918,0,8191
MergeSort,sorted,8192,2,231999,10,44544,0,1023
RandomizedQuickSort,sorted,8192,2,799700,8,196649,65578,1627
DeterministicSelect,sorted,8192,2,3714300,12,62506,26633,291
ClosestPair,sorted,8192,2,10004000,13,388796,0,8191
MergeSort,sorted,8192,3,501999,10,44544,0,1023
RandomizedQuickSort,sorted,8192,3,795100,9,192669,68706,1677
DeterministicSelect,sorted,8192,3,3283900,12,62506,26633,291
ClosestPair,sorted,8192,3,11584400,13,388657,0,8191
MergeSort,reverse-sorted,8192,1,381700,10,98304,0,1023
RandomizedQuickSort,reverse-sorted,8192,1,1217300,8,195339,71096,1640
DeterministicSelect,reverse-sorted,8192,1,3930800,12,77787,26307,291
ClosestPair,reverse-sorted,8192,1,10256001,13,389067,0,8191
MergeSort,reverse-sorted,8192,2,257299,10,98304,0,1023
RandomizedQuickSort,reverse-sorted,8192,2,785900,9,191607,69648,1662
DeterministicSelect,reverse-sorted,8192,2,3999500,12,77787,26307,291
ClosestPair,reverse-sorted,8192,2,8948300,13,389145,0,8191
MergeSort,reverse-sorted,8192,3,252300,10,98304,0,1023
RandomizedQuickSort,reverse-sorted,8192,3,829300,8,200000,74536,1606
DeterministicSelect,reverse-sorted,8192,3,3518500,12,77787,26307,291
ClosestPair,reverse-sorted,8192,3,8991000,13,389075,0,8191
MergeSort,duplicate-heavy,8192,1,565300,10,102319,0,1023
RandomizedQuickSort,duplicate-heavy,8192,1,188500,2,43029,15359,3
DeterministicSelect,duplicate-heavy,8192,1,922200,8,57535,16228,25
ClosestPair,duplicate-heavy,8192,1,7215200,13,325146,0,8191
MergeSort,duplicate-heavy,8192,2,568400,10,102818,0,1023
RandomizedQuickSort,duplicate-heavy,8192,2,211500,2,39226,14488,3
DeterministicSelect,duplicate-heavy,8192,2,583600,6,31843,10203,6
ClosestPair,duplicate-heavy,8192,2,7138600,13,333140,0,8191
MergeSort,duplicate-heavy,8192,3,584600,10,102958,0,1023
RandomizedQuickSort,duplicate-heavy,8192,3,197900,2,39094,15469,3
DeterministicSelect,duplicate-heavy,8192,3,472301,6,30414,9675,6
ClosestPair,duplicate-heavy,8192,3,7038801,13,325612,0,8191
MergeSort,random,32768,1,5233999,12,505168,0,4095
RandomizedQuickSort,random,32768,1,5396000,10,908531,442666,5552
DeterministicSelect,random,32768,1,3778700,13,324461,115474,738
ClosestPair,random,32768,1,68764101,15,1987234,0,32767
MergeSort,random,32768,2,5307100,12,505274,0,4095
RandomizedQuickSort,random,32768,2,5574100,9,953802,462194,5636
DeterministicSelect,random,32768,2,2554100,14,292988,104134,554
ClosestPair,random,32768,2,62386100,15,1989126,0,32767
MergeSort,random,32768,3,7035500,12,505205,0,4095
RandomizedQuickSort,random,32768,3,6250500,9,943555,467923,5663
DeterministicSelect,random,32768,3,2362700,14,323910,115481,742
ClosestPair,random,32768,3,75226400,15,1987415,0,32767
MergeSort,sorted,32768,1,1576500,12,210944,0,4095
RandomizedQuickSort,sorted,32768,1,3467900,9,905958,316386,6468
DeterministicSelect,sorted,32768,1,959800,13,223896,97172,457
ClosestPair,sorted,32768,1,52663700,15,1806616,0,32767
MergeSort,sorted,32768,2,1562400,12,210944,0,4095
RandomizedQuickSort,sorted,32768,2,3366699,9,877984,291970,6591
DeterministicSelect,sorted,32768,2,958999,13,223896,97172,457
ClosestPair,sorted,32768,2,50699499,15,1806934,0,32767
MergeSort,sorted,32768,3,1580299,12,210944,0,4095
RandomizedQuickSort,sorted,32768,3,3329600,9,868246,296822,6530
DeterministicSelect,sorted,32768,3,956601,13,223896,97172,457
ClosestPair,sorted,32768,3,50282800,15,1805618,0,32767
MergeSort,reverse-sorted,32768,1,1346300,12,425984,0,4095
RandomizedQuickSort,reverse-sorted,32768,1,3772100,9,909029,309620,6485
DeterministicSelect,reverse-sorted,32768,1,1486400,13,322507,113088,739
ClosestPair,reverse-sorted,32768,1,46768500,15,1807122,0,32767
MergeSort,reverse-sorted,32768,2,1212200,12,425984,0,4095
RandomizedQuickSort,reverse-sorted,32768,2,3403499,10,887076,313980,6522
DeterministicSelect,reverse-sorted,32768,2,1299400,13,322507,113088,739
ClosestPair,reverse-sorted,32768,2,43922899,15,1808068,0,32767
MergeSort,reverse-sorted,32768,3,1162701,12,425984,0,4095
RandomizedQuickSort,reverse-sorted,32768,3,3370300,10,887561,309198,6563
DeterministicSelect,reverse-sorted,32768,3,1302799,13,322507,113088,739
ClosestPair,reverse-sorted,32768,3,43011700,15,1807661,0,32767
MergeSort,duplicate-heavy,32768,1,3011300,12,471690,0,4095
RandomizedQuickSort,duplicate-heavy,32768,1,840400,2,151230,73447,3
DeterministicSelect,duplicate-heavy,32768,1,930700,8,121300,38873,9
ClosestPair,duplicate-heavy,32768,1,39972000,15,1514776,0,32767
MergeSort,duplicate-heavy,32768,2,2941401,12,472719,0,4095
RandomizedQuickSort,duplicate-heavy,32768,2,865201,2,142997,65255,3
DeterministicSelect,duplicate-heavy,32768,2,1040801,8,139830,42776,18
ClosestPair,duplicate-heavy,32768,2,40249200,15,1531856,0,32767
MergeSort,duplicate-heavy,32768,3,2935500,12,473114,0,4095
RandomizedQuickSort,duplicate-heavy,32768,3,1145599,2,139405,57609,3
DeterministicSelect,duplicate-heavy,32768,3,935000,7,126842,40870,7
ClosestPair,duplicate-heavy,32768,3,38871000,15,1525229,0,32767
